,Emp ID,First Name,Last Name,DOB,SSN,State
0,232,John,Mathews,1991-02-24,***-**-9165,ND
1,533,Nathan,Moore,1978-11-19,***-**-7469,ME
2,256,Amanda,Douglas,1990-01-08,***-**-6961,ID
3,189,Heather,Andrews,1976-08-11,***-**-1797,VT
4,284,Daniel,Hernandez,1976-07-22,***-**-7473,CO
5,512,Danny,Pena,1978-01-31,***-**-9878,MN
6,126,Gary,Knight,1994-03-08,***-**-1242,AR
7,556,Robin,Carroll,1972-10-14,***-**-7194,CA
8,595,Michelle,Dickerson,1984-02-08,***-**-2817,TN
9,191,Kimberly,Gallegos,1972-08-05,***-**-7563,OR
10,55,Morgan,Parker,1986-01-30,***-**-4320,TN
11,623,Mason,Rhodes,1977-01-28,***-**-4767,MD
12,426,Amy,Griffin,1973-02-18,***-**-1946,MA
13,535,Danielle,House,1975-04-16,***-**-9308,ME
14,399,Charles,Greene,1992-11-28,***-**-2935,KY
15,33,Nicholas,Martinez,1979-04-05,***-**-1689,LA
16,302,Tracey,Meadows,1988-01-12,***-**-6175,RI
17,325,Renee,Evans,1991-03-14,***-**-2708,MT
18,188,Joseph,Estrada,1984-03-29,***-**-2571,PA
19,184,Jeremy,Warner,1987-10-20,***-**-1184,AL
20,526,Anthony,Rodriguez,1983-02-09,***-**-3865,ID
21,85,Kristen,Lopez,1978-01-02,***-**-8194,VA
22,171,Mark,Mcdonald,1984-06-27,***-**-0101,MT
23,74,Robert,Freeman,1984-01-01,***-**-5211,AR
24,69,Michael,Reynolds,1994-10-30,***-**-8507,CA
25,365,Kristine,Little,1974-07-10,***-**-1771,SD
26,149,April,Barnes,1983-02-15,***-**-3288,RI
27,218,Pamela,Hodges,1989-02-19,***-**-1423,UT
28,647,Ronald,Gilbert,1974-05-26,***-**-4448,WY
29,518,Thomas,Cooper,1972-08-17,***-**-9890,CO
30,12,Dakota,Harrington,1972-08-24,***-**-7188,VA
31,622,Jennifer,Porter,1991-01-20,***-**-5572,WI
32,159,Beverly,Jordan,1986-08-15,***-**-3762,NM
33,394,Mark,Brown,1975-04-02,***-**-8531,CA
34,158,Amy,Ford,1974-06-05,***-**-6461,NC
35,446,Benjamin,King,1973-05-07,***-**-8165,RI
36,352,Stephen,Bryant,1991-05-15,***-**-6488,SD
37,598,Brandi,Williams,1989-10-15,***-**-8500,MD
38,505,Ashley,Hutchinson,1994-04-26,***-**-1510,SC
39,173,Alisha,Pacheco,1982-01-13,***-**-2496,MI
40,84,Robert,Campbell,1973-02-27,***-**-9581,SD
41,406,Sandra,Sanders,1980-10-06,***-**-1673,RI
42,164,Katherine,Hensley,1991-05-29,***-**-7226,CT
43,267,Stacy,Cox,1976-11-08,***-**-0990,AL
44,503,Frank,Barton,1993-06-10,***-**-5568,MA
45,295,Shannon,Kramer,1980-05-04,***-**-7615,SC
46,590,Brenda,James,1977-12-31,***-**-3251,HI
47,97,Paula,Edwards,1988-08-10,***-**-0638,KS
48,3,Jennifer,Rowe,1980-09-16,***-**-9014,NY
49,20,David,Foster,1990-01-09,***-**-6956,MO
50,179,William,Boyle,1988-01-30,***-**-0490,AR
51,86,Christopher,Greene,1972-05-29,***-**-8446,ID
52,219,Matthew,Fuller,1980-04-27,***-**-2989,MS
53,237,Gabriela,Nguyen,1981-12-17,***-**-3729,WA
54,96,Allison,Diaz,1994-03-25,***-**-8927,AR
55,22,Isaac,Jordan,1986-05-06,***-**-0520,TX
56,439,Cheryl,Bailey,1991-10-31,***-**-1224,NC
57,146,Julie,Castillo,1988-02-16,***-**-4523,AK
58,271,Michael,Adams,1986-12-10,***-**-3927,FL
59,103,Melinda,Parsons,1986-02-07,***-**-8751,NE
60,540,Robert,Campbell,1987-01-17,***-**-3694,DE
61,144,Julie,Nelson,1994-08-08,***-**-1332,SD
62,594,Steven,Nelson,1989-04-14,***-**-2085,VT
63,176,Hailey,Lynn,1973-03-25,***-**-9488,CA
64,198,Dillon,Nguyen,1978-05-26,***-**-4552,IL
65,433,Hannah,Miller,1973-10-18,***-**-4657,NY
66,274,Jeffrey,Harris,1994-05-25,***-**-4763,KY
67,6,Daniel,Welch,1982-08-08,***-**-6950,IL
68,452,Bryan,Jackson,1982-09-08,***-**-8117,MD
69,23,Denise,George,1990-09-07,***-**-4879,WI
70,373,Alicia,Carney,1989-09-10,***-**-9437,OH
71,374,William,Peters,1986-03-20,***-**-7516,KY
72,200,Dustin,Drake,1993-09-17,***-**-5454,WV
73,428,Jessica,Thornton,1983-01-03,***-**-2381,KS
74,116,Rebecca,Wilson,1980-06-08,***-**-6629,MI
75,418,Katherine,Lane,1986-11-01,***-**-6820,NH
76,9,Sarah,Harper,1993-07-27,***-**-5891,AK
77,230,Jermaine,Hill,1988-09-11,***-**-5479,NJ
78,502,Michael,Marshall,1990-04-05,***-**-5125,MI
79,632,Kirsten,Mcbride,1973-09-10,***-**-2372,IA
80,112,Rachael,Holmes,1973-07-30,***-**-2067,GA
81,422,Leon,Foster,1975-09-19,***-**-3153,SC
82,131,David,Mcclain,1976-08-02,***-**-5430,OH
83,404,Emily,Lawrence,1991-11-24,***-**-1991,TN
84,504,Troy,Booth,1990-12-27,***-**-5141,TN
85,194,Stephanie,Ho,1983-04-25,***-**-3656,KS
86,567,Michele,Hendricks,1990-03-10,***-**-7341,MS
87,253,Eric,Harper,1986-11-12,***-**-2860,NV
88,407,Jonathan,Gomez,1993-06-05,***-**-4727,SD
89,82,Kevin,Garcia,1977-11-25,***-**-4722,NV
90,429,Howard,Lawson,1984-04-13,***-**-7664,MI
91,78,Stacy,Robertson,1974-09-24,***-**-0248,WY
92,167,John,Beck,1985-07-27,***-**-3635,AR
93,484,Julia,Morgan,1976-03-18,***-**-1731,WI
94,60,Allen,Leon,1975-04-06,***-**-9089,MI
95,400,James,Rios,1978-03-04,***-**-3987,ID
96,34,Ralph,Wells,1988-10-19,***-**-4237,KS
97,596,Megan,Chavez,1991-10-08,***-**-7659,CT
98,279,Ashley,Patrick,1974-06-07,***-**-0763,WY
99,466,Bonnie,Bowen,1993-11-07,***-**-5889,ID
100,327,Andrew,Lawson,1982-04-05,***-**-7313,MT
101,382,Tonya,Chavez,1984-04-17,***-**-5703,MT
102,369,Michelle,Larson,1980-03-20,***-**-3866,FL
103,347,Mark,Garrett,1985-09-18,***-**-4408,WY
104,25,Chelsea,Rivera,1987-06-21,***-**-0140,NH
105,317,Amanda,Krause,1977-11-06,***-**-4744,IL
106,321,Paige,Spencer,1991-09-02,***-**-8621,NY
107,193,Rhonda,Gonzales,1976-06-07,***-**-4110,ID
108,606,Jasmine,Kelly,1979-06-30,***-**-3251,MN
109,123,Amy,Sherman,1973-08-04,***-**-6029,NJ
110,566,David,Arroyo,1975-04-16,***-**-9403,FL
111,409,Robert,Lin,1975-11-12,***-**-0121,AZ
112,265,Paul,Wilson,1993-06-19,***-**-9871,IA
113,490,Paul,Meyers,1989-03-13,***-**-1680,HI
114,311,Jessica,Elliott,1978-06-04,***-**-1632,OH
115,537,Anthony,Richmond,1989-10-05,***-**-8935,AR
116,147,William,Rivera,1975-03-08,***-**-7032,SD
117,304,Sheri,Villegas,1985-02-13,***-**-8629,OR
118,472,Kelly,Hopkins,1984-10-08,***-**-6875,HI
119,348,Darren,Farrell,1991-05-24,***-**-5885,CA
120,91,Darlene,Harmon,1980-05-05,***-**-3052,WV
121,410,Rachel,Lyons,1972-08-29,***-**-0900,ME
122,344,David,Jacobs,1982-02-28,***-**-3682,FL
123,419,Christina,Weeks,1972-10-15,***-**-2028,PA
124,1,Andrea,Anderson,1984-11-12,***-**-5650,CT
125,532,Jennifer,Smith,1989-01-31,***-**-1748,GA
126,107,Shirley,Andrews,1981-12-07,***-**-5306,OH
127,166,Adrian,Rivera,1973-02-13,***-**-5638,MA
128,391,George,Mckinney,1984-02-04,***-**-7748,UT
129,67,Hailey,Boyd,1980-11-17,***-**-0270,NY
130,447,Tiffany,Harris,1983-01-12,***-**-9733,WV
131,653,Mary,Hunter,1977-11-01,***-**-6623,TX
132,294,Robert,Edwards,1980-04-07,***-**-5215,GA
133,416,Barbara,Lambert,1979-09-07,***-**-5353,ID
134,185,Angela,Armstrong,1990-03-22,***-**-2446,NY
135,637,Brett,Ward,1979-09-27,***-**-0204,MN
136,333,Troy,Sanchez,1990-11-15,***-**-2052,OK
137,579,Garrett,Carter,1988-09-26,***-**-7246,CA
138,215,James,Reeves,1988-01-31,***-**-1620,IN
139,152,Mary,Baker,1979-07-08,***-**-0954,MI
140,301,Alexandra,Bradley,1980-06-13,***-**-9390,AL
141,572,Aaron,James,1974-03-25,***-**-4596,OR
142,165,Thomas,Wood,1979-08-21,***-**-8269,TN
143,639,Charlene,Jackson,1989-10-28,***-**-8809,WY
144,405,Mary,Robbins,1975-12-01,***-**-9514,FL
145,390,Kayla,Washington,1985-10-08,***-**-6218,CT
146,641,Kimberly,Knapp,1992-11-23,***-**-1122,CO
147,51,Nicholas,Brown,1988-09-18,***-**-2869,SC
148,421,Rebecca,Marshall,1974-05-06,***-**-1020,PA
149,106,Mark,Smith,1979-07-07,***-**-5381,ND
150,379,Adam,Harrell,1981-10-18,***-**-0742,WV
151,76,Steve,Daniels,1980-09-14,***-**-3537,CO
152,68,Victoria,Potter,1988-03-25,***-**-4290,UT
153,118,Kathy,Preston,1990-03-06,***-**-9960,LA
154,127,Michael,Donaldson,1995-01-01,***-**-7624,CA
155,542,Brian,Bridges,1976-02-22,***-**-4546,MN
156,181,Martha,Gonzalez,1981-01-17,***-**-8342,KS
157,111,Paul,Rogers,1992-01-10,***-**-6284,MT
158,481,Dawn,Galvan,1989-09-03,***-**-8058,TN
159,568,Amber,West,1978-01-19,***-**-7363,ND
160,395,Christopher,Guerrero,1983-01-29,***-**-4036,WY
161,345,Stacy,Brooks,1991-06-17,***-**-4661,SC
162,438,Danielle,Kaiser,1975-08-21,***-**-9764,AL
163,403,Taylor,Boyle,1979-09-26,***-**-9756,MD
164,180,Donna,Howard,1978-12-16,***-**-3416,CA
165,616,Anne,Rios,1974-11-26,***-**-6513,HI
166,56,Theresa,Barnes,1976-09-28,***-**-2054,CT
167,153,Lori,Tate,1977-03-08,***-**-9123,NM
168,551,Alexandria,Baker,1974-11-02,***-**-3200,NV
169,135,Stephen,Hensley,1978-09-30,***-**-5372,GA
170,500,Jennifer,Fischer,1983-11-19,***-**-5609,UT
171,24,Pamela,Robinson,1981-02-21,***-**-4275,NM
172,81,Brendan,Gonzalez,1991-08-02,***-**-9993,SC
173,50,Richard,Turner,1982-12-24,***-**-9924,TN
174,328,Michael,Robinson,1973-10-22,***-**-2355,IL
175,402,Patricia,Sharp,1987-07-13,***-**-0306,MD
176,255,Elizabeth,Avila,1977-03-15,***-**-8453,NH
177,413,Christopher,Martinez,1978-12-28,***-**-8774,CT
178,507,Isaac,Woods,1984-03-20,***-**-6227,AK
179,62,Adriana,Wolf,1994-10-17,***-**-1702,OR
180,150,David,Pearson,1982-06-14,***-**-1781,AL
181,109,Matthew,Kramer,1988-05-14,***-**-4860,RI
182,310,Pamela,Archer,1987-10-25,***-**-2625,WV
183,243,Charles,Stout,1976-12-05,***-**-1997,KS
184,72,Daniel,Boyd,1978-07-18,***-**-1220,NY
185,608,Jimmy,Jones,1973-02-19,***-**-2030,MA
186,19,Rebecca,Hammond,1972-02-21,***-**-2706,LA
187,30,Emily,Diaz,1986-12-04,***-**-9174,AK
188,119,Chad,Wise,1988-11-10,***-**-1355,CO
189,162,Todd,Duran,1976-01-14,***-**-1832,KY
190,199,Brian,Mclaughlin,1987-09-21,***-**-2876,PA
191,187,Katherine,Rogers,1988-05-13,***-**-9500,ME
192,102,Joseph,Adams,1979-01-18,***-**-7778,WI
193,385,David,Lowery,1987-10-21,***-**-7963,UT
194,626,Janice,Young,1988-07-07,***-**-4863,WA
195,528,Anna,Matthews,1991-02-09,***-**-4474,TN
196,31,Katie,Garcia,1983-03-22,***-**-8462,AK
197,43,Maria,Estrada,1990-04-30,***-**-8108,LA
198,169,Ashley,Smith,1983-07-16,***-**-8720,TX
199,204,Amy,Wright,1991-10-15,***-**-8641,CA
200,494,Heather,Scott,1982-08-20,***-**-0361,NH
201,233,John,Anderson,1973-05-30,***-**-6681,NY
202,638,John,Anderson,1983-01-07,***-**-7935,UT
203,57,Kimberly,Harris,1988-10-01,***-**-5459,IA
204,648,Christopher,Smith,1976-11-23,***-**-2521,WI
205,192,Daniel,Singh,1980-12-25,***-**-7521,VA
206,73,Miranda,Nguyen,1981-08-12,***-**-2585,ME
207,477,Gregory,Simpson,1990-07-09,***-**-9365,CO
208,411,Daniel,Brown,1984-04-19,***-**-6526,NM
209,630,Susan,Thompson,1985-05-17,***-**-6074,TN
210,600,Rick,Johns,1984-07-30,***-**-7121,NV
211,634,Sean,Calhoun,1978-07-31,***-**-2261,SD
212,296,Alan,Holden,1994-11-06,***-**-6916,PA
213,154,Robin,Silva,1987-07-14,***-**-0453,AK
214,527,Nicole,Conrad,1985-06-02,***-**-6985,SD
215,635,Deanna,Russell,1972-07-29,***-**-9236,MD
216,229,Joshua,Bailey,1986-07-20,***-**-4031,WV
217,389,Daniel,Patrick,1972-10-15,***-**-8777,GA
218,220,William,Smith,1990-06-04,***-**-0654,AR
219,454,Kristin,Grant,1980-08-23,***-**-9693,WV
220,488,Kimberly,Velasquez,1989-01-10,***-**-4229,GA
221,41,Michael,Dalton,1994-03-08,***-**-2101,WI
222,522,Jason,Shaw,1985-11-01,***-**-4765,KY
223,269,Jonathon,Olson,1985-07-08,***-**-7767,SC
224,35,Andrea,Perry,1986-02-01,***-**-8897,CO
225,10,Anthony,Nguyen,1986-10-09,***-**-8472,WI
226,397,Anthony,Christensen,1983-05-13,***-**-8703,OH
227,45,Paul,Murphy,1975-07-18,***-**-9454,NJ
228,210,Susan,Stewart,1989-04-23,***-**-2712,GA
229,197,Scott,Warren,1985-06-24,***-**-3723,OH
230,354,Jennifer,Avery,1987-08-08,***-**-5062,LA
231,552,Alexander,Vaughan,1988-08-22,***-**-8562,MI
232,414,Laura,Parker,1973-12-05,***-**-6879,CO
233,134,Derek,Harrington,1990-09-15,***-**-2836,AR
234,11,Daniel,Wells,1994-08-27,***-**-7268,CA
235,222,Kelly,Phillips,1987-11-05,***-**-1324,MI
236,442,Lauren,Bennett,1985-06-05,***-**-4874,IA
237,633,Aaron,Wolf,1978-04-09,***-**-1149,WY
238,361,Julia,Wright,1980-09-04,***-**-6702,CO
239,205,Cheryl,Dennis,1986-06-16,***-**-0712,TX
240,18,Donna,Lopez,1985-02-22,***-**-5711,DE
241,459,Matthew,Gibbs,1984-06-12,***-**-9698,ID
242,564,Nancy,Mitchell,1988-02-02,***-**-9365,GA
243,138,Ashley,Bullock,1983-07-23,***-**-5394,MS
244,356,Andrew,Moore,1982-01-03,***-**-5178,ID
245,479,Joseph,Martinez,1973-10-05,***-**-9409,NH
246,100,Yvette,Rodriguez,1985-09-11,***-**-8123,OR
247,451,Carrie,Barber,1977-11-09,***-**-3083,LA
248,432,Ashley,Sherman,1984-10-01,***-**-1501,NE
249,71,Craig,Garcia,1994-08-18,***-**-3695,PA
250,463,Jerome,Brown,1992-07-10,***-**-9456,MD
251,308,Kevin,Beck,1981-03-29,***-**-7304,TN
252,591,Travis,Hansen,1981-07-28,***-**-6746,DE
253,214,Rodney,Cook,1994-12-15,***-**-6232,RI
254,290,Theresa,Brown,1993-02-20,***-**-3478,MN
255,8,Wayne,Mercer,1989-09-21,***-**-7254,MA
256,182,Mary,Lee,1982-04-12,***-**-7361,OH
257,534,Matthew,Martin,1993-07-12,***-**-7803,ID
258,511,Lee,Weber,1988-12-03,***-**-9830,CA
259,32,James,Wilson,1977-07-23,***-**-7343,OR
260,289,Angela,Clark,1988-04-20,***-**-3392,MN
261,643,Allen,Flynn,1994-07-25,***-**-7573,NH
262,234,Darrell,Coleman,1992-08-24,***-**-4198,WI
263,618,Patrick,Wells,1979-08-03,***-**-3209,MS
264,246,Tyler,Beck,1986-10-20,***-**-1385,HI
265,546,Michelle,Jenkins,1977-11-29,***-**-8254,NE
266,455,Scott,Miller,1991-09-27,***-**-3580,WY
267,341,Maria,Mcmillan,1973-09-07,***-**-3730,TX
268,252,Amy,Waller,1980-10-01,***-**-8763,MA
269,351,Jacob,Thomas,1976-03-31,***-**-8896,MS
270,493,Amanda,Jones,1993-07-31,***-**-0691,MN
271,599,Edward,Padilla,1993-10-09,***-**-5222,PA
272,315,Debra,Best,1973-02-20,***-**-3320,ND
273,577,Gregory,Roberts,1986-01-27,***-**-4496,IN
274,415,Suzanne,Wheeler,1985-05-19,***-**-2982,WI
275,303,Ann,Lewis,1976-01-14,***-**-0619,MT
276,478,Michelle,Peterson,1984-06-25,***-**-2154,MA
277,313,Adam,Thomas,1982-12-30,***-**-1297,VA
278,4,Donna,Owens,1987-09-26,***-**-6696,AL
279,249,Pamela,Lyons,1972-09-27,***-**-3318,AR
280,649,Victor,Lopez,1987-10-26,***-**-3964,NV
281,565,Matthew,Miller,1979-04-07,***-**-3517,CO
282,513,Kevin,Foster,1985-10-18,***-**-5090,WI
283,516,Alyssa,Stokes,1973-04-01,***-**-2432,OH
284,545,Mark,Saunders,1973-08-23,***-**-2640,VT
285,38,Michael,Chapman,1977-03-13,***-**-6874,OR
286,309,Cole,Farrell,1993-01-29,***-**-7973,IN
287,578,Michael,Estrada,1994-10-12,***-**-2448,OH
288,178,Shaun,Martinez,1982-12-11,***-**-5793,NC
289,359,Victoria,Moon,1976-01-06,***-**-8604,AZ
290,278,Brian,Peters,1982-05-07,***-**-3701,HI
291,292,Jose,Gonzalez,1992-06-01,***-**-9797,MD
292,87,John,Paul,1973-11-20,***-**-7180,KY
293,286,Stephanie,Smith,1978-04-26,***-**-1286,NH
294,221,Lisa,Wilson,1993-11-09,***-**-6950,AZ
295,524,Cody,Duran,1973-01-15,***-**-6706,NM
296,453,Ann,Johnson,1981-06-01,***-**-9046,NE
297,468,Paula,Hernandez,1975-10-12,***-**-2951,CA
298,444,Patrick,Barber,1991-07-21,***-**-9891,NY
299,350,Dennis,Alvarado,1973-11-27,***-**-4378,MT
300,462,David,Peterson,1973-06-27,***-**-7312,LA
301,66,Tina,Williams,1987-11-04,***-**-7775,OR
302,495,Bridget,Koch,1973-02-23,***-**-9714,WY
303,586,Adrian,Hernandez,1993-09-08,***-**-5101,NE
304,457,Andrea,Potter,1983-12-26,***-**-6384,NH
305,392,David,Williams,1990-07-07,***-**-6350,MA
306,202,Katherine,Wright,1987-05-10,***-**-3109,AR
307,467,Kevin,Taylor,1979-04-19,***-**-2293,NH
308,627,Latoya,Mitchell,1991-03-15,***-**-3607,ME
309,367,Tricia,Smith,1992-01-24,***-**-7866,CA
310,244,David,Miles,1993-11-26,***-**-2657,MI
311,620,Gina,Hoffman,1990-03-20,***-**-4213,UT
312,642,Tamara,Whitney,1975-09-21,***-**-9208,MO
313,427,John,Garcia,1987-04-14,***-**-3993,TX
314,539,Craig,Nunez,1972-06-13,***-**-6566,DE
315,98,Desiree,Ross,1981-07-07,***-**-2608,MS
316,324,Samantha,Ramirez,1981-08-11,***-**-7086,MD
317,589,David,Patton,1978-11-19,***-**-9705,PA
318,339,Caroline,Lopez,1981-08-09,***-**-1325,OK
319,645,Karen,Malone,1985-09-03,***-**-5442,CO
320,355,Daniel,Wright,1989-12-31,***-**-3803,FL
321,541,Brent,Miller,1978-01-14,***-**-9692,HI
322,360,Mitchell,Meyer,1991-08-31,***-**-7666,RI
323,39,Annette,Flores,1977-04-19,***-**-3196,NE
324,305,Wendy,Hendrix,1983-08-19,***-**-6634,WY
325,474,Alexis,Cross,1983-08-11,***-**-3694,MN
326,571,Jeffrey,Jones,1981-06-27,***-**-1822,SD
327,372,Jessica,Walsh,1976-06-01,***-**-2907,RI
328,559,Sherry,Henderson,1991-02-15,***-**-3768,FL
329,521,Jennifer,Johnson,1978-02-17,***-**-3102,OK
330,583,Scott,Ellison,1977-03-31,***-**-8653,NH
331,329,Denise,Baldwin,1992-04-06,***-**-7350,AL
332,201,Rebecca,James,1980-12-04,***-**-1514,MA
333,276,Sean,Gonzales,1981-08-11,***-**-8838,MO
334,592,Mary,Chavez,1990-04-27,***-**-2834,PA
335,124,Ralph,Martinez,1980-02-26,***-**-4024,WA
336,133,Thomas,Stone,1973-03-29,***-**-8227,DE
337,314,Christopher,Anderson,1974-07-01,***-**-1835,NC
338,562,Allison,Garcia,1983-02-08,***-**-0105,LA
339,125,Charles,Hall,1982-09-15,***-**-7617,PA
340,625,Lawrence,Roach,1991-04-03,***-**-2080,KY
341,312,Christopher,Dougherty,1978-03-29,***-**-0986,AL
342,90,William,Small,1990-08-05,***-**-0642,CO
343,236,Samuel,May,1988-03-30,***-**-0970,NJ
344,601,Brian,Lopez,1990-02-13,***-**-7558,DE
345,326,Amanda,Clark,1991-07-23,***-**-5043,MN
346,264,Cody,Taylor,1978-11-13,***-**-3700,SD
347,248,Sherry,Love,1975-03-24,***-**-8685,OR
348,485,Christine,Stone,1978-11-07,***-**-6503,KS
349,54,Kristy,Diaz,1988-03-26,***-**-1032,IA
350,2,Amy,Long,1982-07-19,***-**-7292,FL
351,298,Haley,Myers,1985-03-20,***-**-0757,MD
352,99,Michael,Holden,1975-07-23,***-**-7951,IN
353,186,Kelly,Ferrell,1982-01-21,***-**-2299,NH
354,593,Rachel,Valdez,1985-05-21,***-**-0852,UT
355,557,Kristine,Roberson,1981-03-18,***-**-0956,MN
356,375,Vincent,Watson,1974-12-15,***-**-8997,RI
357,460,Elizabeth,Bailey,1979-07-15,***-**-7230,MI
358,496,Mark,Mcmillan,1976-07-08,***-**-2503,MI
359,487,Sheri,Long,1978-06-06,***-**-5166,OH
360,469,Daniel,Mccall,1987-07-12,***-**-5314,NE
361,340,Dawn,Malone,1979-04-19,***-**-2070,TN
362,363,Evan,Romero,1994-08-25,***-**-3334,NM
363,108,Paul,Adams,1992-04-19,***-**-5765,WV
364,357,Tracy,Holt,1988-10-20,***-**-1413,AK
365,293,Charles,Wheeler,1972-02-11,***-**-5781,CA
366,604,Ashley,Harris,1993-08-09,***-**-7070,IL
367,7,Roberto,Schmidt,1994-02-07,***-**-1763,AL
368,94,Margaret,Barton,1975-10-10,***-**-0973,ID
369,227,Michelle,Diaz,1993-09-25,***-**-4889,ID
370,486,Mike,Duncan,1988-12-15,***-**-8115,MD
371,613,Alexandra,Thomas,1994-01-12,***-**-6760,SD
372,603,Mark,Murillo,1976-09-22,***-**-9915,MI
373,332,Carol,Dyer,1989-03-12,***-**-5545,HI
374,587,Daniel,Williams,1989-11-17,***-**-9146,NH
375,602,Sandra,Suarez,1980-09-20,***-**-9548,GA
376,398,Sarah,Hamilton,1976-07-20,***-**-3104,ND
377,148,Sydney,Floyd,1981-03-31,***-**-0722,CT
378,223,Jonathan,Hall,1978-07-01,***-**-6672,NE
379,574,Jennifer,Kim,1976-10-03,***-**-9504,MN
380,588,Kenneth,Sanchez,1980-10-30,***-**-8921,CA
381,157,Joseph,Carroll,1975-05-09,***-**-5984,ND
382,175,Jennifer,Arnold,1976-10-18,***-**-4368,AL
383,473,David,Le,1976-08-31,***-**-5444,MI
384,29,Jeffrey,Clark,1978-06-28,***-**-0316,MO
385,334,Jeffery,Reed,1985-07-19,***-**-6338,NJ
386,465,Laura,Kim,1974-07-26,***-**-3606,PA
387,92,Derek,Obrien,1990-06-29,***-**-6123,NH
388,470,Brooke,Bishop,1980-12-18,***-**-4107,CA
389,128,Peter,Miles,1976-10-26,***-**-3367,WA
390,77,Alex,Owen,1987-10-07,***-**-9252,AL
391,530,Michael,Fowler,1990-08-28,***-**-3995,TN
392,270,Katherine,Rose,1976-01-19,***-**-0446,MN
393,251,Daniel,Waller,1974-04-23,***-**-0011,KY
394,277,Ronald,Johnson,1973-09-19,***-**-8871,DE
395,346,Austin,Gutierrez,1979-06-25,***-**-0203,VT
396,238,Brandon,Chang,1984-05-14,***-**-6687,AL
397,143,Alexander,Murphy,1984-05-05,***-**-0664,UT
398,461,Stephanie,Mendoza,1977-03-22,***-**-8308,VT
399,5,Gregory,Moore,1982-02-10,***-**-6226,MA
400,117,Jonathan,Mendoza,1989-12-30,***-**-0262,MD
401,396,Michelle,Phillips,1988-09-17,***-**-2345,OK
402,517,Justin,Morgan,1976-03-17,***-**-5133,MI
403,228,Michael,Hubbard,1978-09-09,***-**-8972,CT
404,576,Travis,Little,1992-05-14,***-**-6995,WY
405,482,Susan,Kennedy,1988-12-19,***-**-4558,ME
406,611,Emily,Mcgrath,1973-11-10,***-**-7640,CO
407,288,Sandra,Griffin,1988-11-13,***-**-6533,NV
408,322,Jessica,Sullivan,1990-01-07,***-**-2665,WY
409,93,Timothy,Mendoza,1980-06-09,***-**-2367,NM
410,631,Amanda,Pearson,1979-08-15,***-**-9832,TN
411,95,Jeffery,Burnett,1984-07-28,***-**-4493,KS
412,225,Brian,Williams,1986-01-12,***-**-5701,MT
413,386,Randy,Dorsey,1974-05-09,***-**-0360,MO
414,272,Duane,Williams,1973-10-14,***-**-8818,NV
415,614,Colleen,Beasley,1977-08-12,***-**-3286,MA
416,262,Brian,Jackson,1985-12-21,***-**-9597,PA
417,110,Cynthia,Price,1991-10-15,***-**-6184,SD
418,501,Donald,Carter,1983-07-16,***-**-5922,HI
419,65,Lisa,Schmitt,1976-04-23,***-**-5980,TN
420,458,Dustin,Nichols,1977-06-07,***-**-9015,NE
421,224,Jay,Brown,1980-04-24,***-**-8736,TX
422,160,Beth,Lynch,1984-02-13,***-**-0814,AK
423,259,Mary,Mitchell,1982-01-20,***-**-3602,TX
424,547,Joshua,Rush,1986-08-05,***-**-2710,GA
425,358,Jillian,David,1973-04-11,***-**-4462,HI
426,652,Anthony,Delgado,1994-09-19,***-**-7837,FL
427,49,Meghan,Wilson,1988-05-18,***-**-4722,HI
428,437,Andrea,Montgomery,1991-12-03,***-**-6315,OH
429,536,Megan,Gray,1972-10-12,***-**-4006,NY
430,636,Sarah,Brooks,1991-06-27,***-**-6948,AR
431,330,Kaylee,Clark,1992-05-29,***-**-0753,WI
432,538,Joseph,Martin,1992-04-13,***-**-5396,AR
433,168,Donna,Rose,1989-04-20,***-**-1960,TN
434,480,Brandi,Sawyer,1979-07-13,***-**-9334,RI
435,543,James,Torres,1986-01-19,***-**-5026,DE
436,506,Jonathan,Malone,1984-04-14,***-**-9942,MN
437,80,Christine,Williams,1974-08-15,***-**-1974,MN
438,342,Christopher,Young,1988-12-02,***-**-1343,NE
439,364,David,Turner,1973-02-13,***-**-7108,IL
440,64,Gregory,Estes,1989-10-04,***-**-9235,KS
441,156,Shannon,Vaughn,1992-12-27,***-**-2444,AR
442,285,James,Mclaughlin,1981-01-21,***-**-1088,NC
443,79,Michael,Brown,1986-01-13,***-**-9682,OH
444,170,Jennifer,Crawford,1986-07-21,***-**-5861,FL
445,561,Michelle,Carr,1978-06-22,***-**-2759,CT
446,617,Andrew,Love,1991-05-27,***-**-9696,OH
447,515,Anna,Bennett,1977-06-20,***-**-6909,TN
448,644,William,Watts,1989-10-12,***-**-6883,MN
449,450,Cynthia,Williams,1978-12-23,***-**-5994,NY
450,216,Bruce,Miles,1982-01-21,***-**-0969,IA
451,88,Amanda,Wilson,1972-05-23,***-**-0767,NE
452,130,Joshua,Riley,1983-11-08,***-**-4874,IN
453,408,Carla,Torres,1987-02-23,***-**-7599,CT
454,105,Mark,Green,1977-06-14,***-**-6893,AZ
455,580,Stephanie,Goodwin,1986-02-25,***-**-5702,NC
456,388,Cameron,Allen,1986-01-02,***-**-8341,ID
457,316,Harold,Li,1983-05-11,***-**-2966,GA
458,196,Sara,Curry,1984-06-05,***-**-1678,ID
459,366,Caroline,Wyatt,1979-11-12,***-**-7063,NY
460,331,Nicole,Perez,1982-09-28,***-**-1455,MT
461,63,Jacqueline,Garcia,1991-01-31,***-**-8953,NC
462,651,Alexander,Wright,1979-04-18,***-**-7263,MN
463,497,Heather,Farrell,1978-01-11,***-**-0338,MA
464,14,Joseph,Fernandez,1978-06-01,***-**-4971,IL
465,52,Timothy,Chandler,1978-03-26,***-**-3897,NM
466,456,Gregory,Jackson,1973-06-06,***-**-0058,WY
467,412,Thomas,Patterson,1977-05-06,***-**-4561,VA
468,283,Timothy,Suarez,1977-01-12,***-**-3073,WI
469,174,Jennifer,Jensen,1991-03-09,***-**-4293,GA
470,509,Andrew,Hogan,1990-06-08,***-**-5943,ND
471,254,Dale,Hartman,1993-10-01,***-**-9502,ME
472,531,Jennifer,Williams,1977-02-27,***-**-9054,OK
473,104,Antonio,Perez,1980-02-09,***-**-4115,NC
474,549,Joshua,Hicks,1985-01-07,***-**-4786,KS
475,183,Edward,Thompson,1994-08-31,***-**-8605,OH
476,612,Lee,Zamora,1979-03-17,***-**-3321,UT
477,492,Wyatt,Rivers,1984-02-07,***-**-5135,KY
478,27,Michelle,Reeves,1972-11-23,***-**-1066,PA
479,287,Joanna,Hopkins,1973-04-17,***-**-2714,MA
480,584,Joseph,Mitchell,1980-05-18,***-**-7441,VA
481,624,Ariel,Ray,1972-09-11,***-**-2732,OR
482,53,Shawn,Murray,1990-10-30,***-**-5217,MS
483,206,Jose,Spears,1976-03-01,***-**-2675,NH
484,211,Caroline,Mayer,1973-05-03,***-**-2487,WY
485,646,David,Weaver,1976-08-11,***-**-2750,ME
486,336,Kelly,Sullivan,1988-04-12,***-**-7284,NV
487,555,Kyle,Ramirez,1984-05-30,***-**-2839,WA
488,560,Carrie,Davis,1984-06-20,***-**-6558,WA
489,203,Catherine,Martinez,1990-04-28,***-**-6917,NM
490,217,Amanda,Lewis,1988-12-05,***-**-0504,MT
491,371,Katherine,Bailey,1994-03-04,***-**-3545,WV
492,605,Rodney,Smith,1975-05-08,***-**-3105,NH
493,337,Savannah,Saunders,1984-05-12,***-**-2473,IA
494,381,Claudia,Oneal,1987-04-01,***-**-9008,TX
495,508,Roy,Johnson,1984-03-30,***-**-6344,AK
496,58,Michelle,Smith,1982-07-08,***-**-6834,NV
497,401,Amanda,Haney,1983-04-11,***-**-9019,IA
498,163,Theresa,Fletcher,1992-10-22,***-**-0535,VA
499,548,Debra,Green,1988-07-20,***-**-5376,SC
500,161,John,Cox,1985-12-11,***-**-7739,OH
501,464,Beth,Harris,1982-12-22,***-**-5871,RI
502,476,Erica,Mcconnell,1981-07-01,***-**-0878,MA
503,208,Kimberly,Johnson,1992-01-22,***-**-4304,PA
504,378,Kyle,Aguirre,1973-10-24,***-**-4469,NE
505,654,Nicole,English,1977-04-30,***-**-9164,HI
506,585,Bonnie,Turner,1973-04-01,***-**-0208,MD
507,621,Maurice,Gillespie,1984-09-07,***-**-8509,GA
508,300,Corey,Adams,1988-10-08,***-**-2578,OR
509,640,Brett,Nelson,1986-06-20,***-**-3049,MD
510,297,Melody,Nelson,1979-01-23,***-**-1931,VA
511,209,James,Young,1980-04-12,***-**-8557,ME
512,320,Robert,Smith,1994-04-14,***-**-0748,MS
513,242,Caroline,Larson,1990-05-05,***-**-7178,LA
514,258,Megan,Robinson,1973-03-24,***-**-1601,WV
515,570,Shawn,Edwards,1978-01-19,***-**-4865,LA
516,417,David,Evans,1977-09-15,***-**-6773,WA
517,281,Julie,Price,1993-01-20,***-**-3599,PA
518,436,Briana,Webster,1978-02-08,***-**-3704,PA
519,441,Robin,Oconnor,1978-02-27,***-**-0782,NH
520,425,Albert,Davidson,1975-01-20,***-**-9182,CA
521,553,Mark,Chen,1989-04-02,***-**-3553,WY
522,266,Elizabeth,Lynn,1992-02-25,***-**-8647,MA
523,40,Tracy,Gonzalez,1983-11-01,***-**-4059,WY
524,609,Patricia,Fletcher,1979-06-30,***-**-2311,RI
525,471,Tammy,Salinas,1980-12-29,***-**-3850,NC
526,307,Roger,Wright,1974-03-04,***-**-3080,MO
527,353,Kelly,Castillo,1992-04-13,***-**-7622,WA
528,393,Charles,Kelley,1993-04-14,***-**-1133,OK
529,607,David,Johnson,1985-06-23,***-**-9729,DE
530,483,David,Cervantes,1983-01-08,***-**-0082,WA
531,370,Valerie,Lopez,1983-04-10,***-**-0441,AL
532,273,Sarah,Hayes,1984-11-20,***-**-8195,CT
533,141,Christina,Arnold,1979-10-20,***-**-2313,NY
534,338,Cynthia,Bennett,1973-11-26,***-**-7899,MD
535,15,Michelle,Huang,1983-04-09,***-**-8363,UT
536,120,Amanda,Dodson,1973-03-04,***-**-6056,KS
537,75,Jeff,Hawkins,1992-08-10,***-**-5606,IL
538,115,Patrick,Taylor,1991-07-29,***-**-5595,MO
539,629,Elizabeth,Howard,1984-11-05,***-**-2641,AZ
540,299,Noah,White,1977-04-30,***-**-0897,SC
541,498,Caroline,Jackson,1983-12-29,***-**-4102,DE
542,445,Andrea,Wright,1978-06-15,***-**-8386,OH
543,582,Sara,Smith,1983-01-02,***-**-9188,TN
544,245,Jennifer,Rodriguez,1974-04-23,***-**-2538,NM
545,129,Deanna,Terrell,1990-02-05,***-**-5743,OK
546,544,Kristina,Summers,1989-02-17,***-**-3058,OR
547,377,Laura,Mercado,1974-04-05,***-**-9514,MI
548,155,Matthew,Kane,1990-11-17,***-**-9385,PA
549,440,Tamara,White,1980-05-20,***-**-6614,FL
550,550,Samantha,Thompson,1976-06-04,***-**-9230,NY
551,47,John,Mcmillan,1983-03-02,***-**-7301,NV
552,89,Andrea,Webb,1985-12-11,***-**-7815,VA
553,145,Lori,Odonnell,1989-10-22,***-**-2415,KS
554,554,Ronald,Huerta,1973-12-13,***-**-6058,OK
555,523,Chelsea,Foster,1974-03-26,***-**-4094,AK
556,499,Daniel,Lopez,1989-09-07,***-**-2639,AR
557,37,Jonathan,Jones,1977-01-13,***-**-7798,MN
558,384,Jessica,Gaines,1981-04-23,***-**-9332,CO
559,514,Timothy,Morris,1981-06-16,***-**-2962,WY
560,260,Donna,Campbell,1993-07-14,***-**-2369,NV
561,239,Tonya,Martinez,1972-09-04,***-**-7702,IA
562,420,Pamela,Moore,1980-02-20,***-**-9532,NJ
563,380,Michelle,Ali,1993-05-05,***-**-3823,KS
564,387,Alexander,Gibson,1983-10-27,***-**-1036,CO
565,207,Jay,Smith,1985-03-06,***-**-6315,CT
566,318,Teresa,Watkins,1972-07-27,***-**-5707,NY
567,16,Bradley,Guzman,1980-05-08,***-**-2817,WY
568,61,Rhonda,Young,1979-06-03,***-**-2336,NE
569,280,Brandon,Davis,1977-07-22,***-**-1621,AZ
570,13,Brandon,Farmer,1980-08-10,***-**-2601,TX
571,563,Barbara,Murphy,1989-10-30,***-**-9225,AR
572,569,James,King,1978-04-21,***-**-1432,AK
573,575,Drew,Kelly,1993-03-25,***-**-3264,WA
574,319,Virginia,Wise,1982-02-18,***-**-8887,OR
575,122,Mary,Hernandez,1990-01-29,***-**-5268,NY
576,520,Ryan,Russell,1975-01-06,***-**-3828,HI
577,489,Amanda,Smith,1989-08-05,***-**-3579,DE
578,136,Morgan,Dunn,1980-07-13,***-**-1601,AZ
579,142,Kimberly,Shaw,1973-06-11,***-**-7577,MA
580,250,Kathleen,Klein,1990-01-15,***-**-3388,NM
581,383,Diana,Meyers,1972-09-13,***-**-4296,TN
582,650,Logan,Smith,1990-03-26,***-**-0194,MN
583,231,Tracy,Martin,1975-05-03,***-**-0726,AK
584,431,Edwin,Martin,1988-02-13,***-**-9168,MO
585,306,Kelly,Moran,1976-07-14,***-**-0670,NV
586,151,Robert,Smith,1987-01-12,***-**-2300,ID
587,519,Jane,Martinez,1991-01-30,***-**-3977,AZ
588,172,Denise,Castillo,1983-10-10,***-**-0042,LA
589,121,Jonathon,Brock,1980-04-30,***-**-9917,CO
590,140,Amanda,Franco,1994-09-24,***-**-5413,AK
591,48,Heather,Robinson,1985-11-20,***-**-1929,MN
592,282,Kathryn,Stout,1987-08-24,***-**-9637,IA
593,42,Cory,Hopkins,1977-03-13,***-**-9491,AK
594,247,Ryan,Snyder,1982-07-14,***-**-9330,MA
595,59,Sara,Walker,1985-08-16,***-**-5423,NE
596,137,Daniel,Garcia,1979-04-21,***-**-3001,WI
597,257,Paul,Evans,1977-06-25,***-**-4302,MN
598,343,Elizabeth,Olson,1976-01-22,***-**-7163,MA
599,195,Ann,Romero,1989-10-27,***-**-4046,DE
600,268,Thomas,Jensen,1991-02-23,***-**-3430,OH
601,558,Brian,Davila,1982-07-05,***-**-3711,DE
602,70,Donna,Howard,1990-03-31,***-**-7432,MS
603,28,Kimberly,Massey,1981-01-01,***-**-4649,MO
604,132,Jeremy,Cross,1987-11-22,***-**-4632,HI
605,335,Dennis,Thomas,1989-06-11,***-**-5032,IN
606,349,Kenneth,Martin,1989-08-24,***-**-4681,MI
607,510,Tyler,Brewer,1972-06-28,***-**-9006,HI
608,36,Scott,Brooks,1972-02-24,***-**-4958,NY
609,430,Derrick,Fritz,1982-12-05,***-**-0071,IA
610,376,Christine,Munoz,1974-11-17,***-**-0149,MO
611,226,Julie,Robbins,1976-11-23,***-**-4571,IN
612,240,Rachel,Cook,1982-03-03,***-**-9042,NM
613,291,Kyle,Hoffman,1984-12-25,***-**-7692,MT
614,619,Nancy,Nguyen,1976-07-05,***-**-3939,VA
615,424,John,Wells,1993-05-25,***-**-3026,NH
616,212,Robert,Ellison,1979-07-16,***-**-9579,NE
617,263,Keith,Robinson,1978-04-15,***-**-3579,NC
618,443,Dennis,Osborn,1973-11-15,***-**-3531,MA
619,26,Ronald,Hays,1993-12-21,***-**-6430,TX
620,491,Leslie,Brown,1973-06-15,***-**-1806,NJ
621,114,Maria,Chapman,1973-12-20,***-**-7300,OK
622,434,Melissa,Torres,1981-03-22,***-**-6921,NM
623,615,Joshua,Weaver,1982-11-20,***-**-7030,IA
624,525,Crystal,Martin,1993-08-29,***-**-0679,ME
625,44,Sheri,Ball,1991-08-04,***-**-7548,AZ
626,475,Steven,Ritter,1986-02-11,***-**-8004,OH
627,529,Linda,Krause,1978-12-22,***-**-4382,SD
628,83,John,Myers,1989-07-25,***-**-1869,NJ
629,275,Mark,White,1992-09-09,***-**-7830,ID
630,190,Diana,Smith,1973-12-02,***-**-3506,IL
631,423,Karen,Lyons,1990-06-09,***-**-9081,OK
632,581,Laura,Glenn,1992-10-20,***-**-1468,TX
633,177,Diana,Spence,1983-09-20,***-**-4751,MA
634,573,Samantha,Farley,1977-07-10,***-**-2351,WA
635,46,Kayla,Mitchell,1975-10-13,***-**-9155,WI
636,17,Crystal,Myers,1980-12-31,***-**-6532,OH
637,101,Brooke,Jones,1979-04-09,***-**-2606,TN
638,261,John,Mueller,1987-03-22,***-**-7849,MD
639,435,Karla,Rosales,1983-07-10,***-**-1729,IL
640,448,Jennifer,Brown,1977-08-23,***-**-0700,MA
641,597,Blake,Jimenez,1977-09-10,***-**-3810,KS
642,628,Michael,Garcia,1980-11-05,***-**-4294,IL
643,610,Jermaine,Quinn,1989-12-24,***-**-1754,CA
644,113,Patricia,Cruz,1976-04-22,***-**-3822,IN
645,235,Cameron,Mcintosh,1975-02-01,***-**-8921,NV
646,21,Michelle,Brewer,1988-06-10,***-**-6836,OK
647,362,Hannah,Nolan,1978-09-15,***-**-1332,OK
648,368,Erica,Johnson,1978-05-27,***-**-9413,LA
649,323,Jeremy,Obrien,1982-01-13,***-**-7592,OR
